{
  "accuracy": [
    0.9137499928474426,
    0.9635937213897705,
    0.9665625095367432,
    0.9681249856948853,
    0.9689062237739563,
    0.9721875190734863,
    0.9728124737739563
  ],
  "loss": [
    0.2191437929868698,
    0.10064675658941269,
    0.08758950233459473,
    0.08434299379587173,
    0.08147519826889038,
    0.07408154010772705,
    0.07001329958438873
  ],
  "val_accuracy": [
    0.9731249809265137,
    0.9768750071525574,
    0.9806249737739563,
    0.9793750047683716,
    0.9800000190734863,
    0.9806249737739563,
    0.9800000190734863
  ],
  "val_loss": [
    0.07942596077919006,
    0.0662272647023201,
    0.0575735941529274,
    0.05793466046452522,
    0.05618169903755188,
    0.05469187721610069,
    0.056159596890211105
  ],
  "learning_rate": [
    9.999999747378752e-05,
    9.999999747378752e-05,
    9.999999747378752e-05,
    9.999999747378752e-05,
    9.999999747378752e-05,
    9.999999747378752e-05,
    9.999999747378752e-05
  ]
}